Index Name,S&P/BMV Total Mexico Index (MXN) TR
18-Jul-23,183.8738259
17-Jul-23,182.4956651
14-Jul-23,183.0586951
13-Jul-23,184.6305045
12-Jul-23,183.4026002
11-Jul-23,184.0182899
10-Jul-23,182.3659172
7-Jul-23,183.2264229
6-Jul-23,181.5593088
5-Jul-23,183.6033044
4-Jul-23,183.2297243
3-Jul-23,184.7128597
30-Jun-23,181.7685646
29-Jun-23,182.1383035
28-Jun-23,181.612909
27-Jun-23,183.0217642
26-Jun-23,180.9706798
23-Jun-23,180.9590403
22-Jun-23,181.9271903
21-Jun-23,183.61345
20-Jun-23,184.6989989
19-Jun-23,186.3158767
16-Jun-23,186.2145203
15-Jun-23,187.7166681
14-Jun-23,187.0445723
13-Jun-23,185.0607082
12-Jun-23,184.1043193
9-Jun-23,184.8688658
8-Jun-23,184.2226619
7-Jun-23,182.9820706
6-Jun-23,183.5111812
5-Jun-23,180.6250969
2-Jun-23,179.6846212
1-Jun-23,177.9580449
31-May-23,178.1487036
30-May-23,179.8529599
29-May-23,182.7415728
26-May-23,182.016008
25-May-23,180.950667
24-May-23,179.7520227
23-May-23,178.7367522
22-May-23,179.9297512
19-May-23,182.4832531
18-May-23,185.5411649
17-May-23,184.8564766
16-May-23,185.2097774
15-May-23,185.4584807
12-May-23,184.3521378
11-May-23,184.6996473
10-May-23,186.3637744
9-May-23,185.9921128
8-May-23,184.6704045
5-May-23,184.229233
4-May-23,183.2750993
3-May-23,184.0859997
2-May-23,184.8061678
28-Apr-23,184.7489198
27-Apr-23,182.5337062
26-Apr-23,181.2122018
25-Apr-23,182.3884074
24-Apr-23,183.5447149
21-Apr-23,181.838262
20-Apr-23,182.1606302
19-Apr-23,182.1622654
18-Apr-23,182.4544052
17-Apr-23,183.7126783
14-Apr-23,182.7913292
13-Apr-23,183.7094815
12-Apr-23,182.3803551
11-Apr-23,183.157047
10-Apr-23,181.4519959
5-Apr-23,179.534786
4-Apr-23,181.5844356
3-Apr-23,180.6368496
31-Mar-23,180.8142019
30-Mar-23,181.7386926
29-Mar-23,180.8019799
28-Mar-23,178.7790093
27-Mar-23,177.5729593
24-Mar-23,177.2308208
23-Mar-23,177.3054851
22-Mar-23,176.2756375
21-Mar-23,176.5208061
17-Mar-23,174.3229491
16-Mar-23,176.3666215
15-Mar-23,174.8718079
14-Mar-23,176.8770583
13-Mar-23,177.8878258
10-Mar-23,177.2784738
9-Mar-23,179.4919704
8-Mar-23,179.2270886
7-Mar-23,178.2139737
6-Mar-23,181.0789694
3-Mar-23,181.8604773
2-Mar-23,179.0436683
1-Mar-23,179.5422241
28-Feb-23,177.2584098
27-Feb-23,177.9227543
24-Feb-23,176.8563239
23-Feb-23,178.0463307
22-Feb-23,178.4373644
21-Feb-23,178.6618356
20-Feb-23,180.9454036
17-Feb-23,180.4561863
16-Feb-23,181.1526089
15-Feb-23,179.5020151
14-Feb-23,177.30988
13-Feb-23,178.3948086
10-Feb-23,176.3294058
9-Feb-23,177.2170281
8-Feb-23,178.2572055
7-Feb-23,178.8556349
3-Feb-23,181.3026664
2-Feb-23,180.7213344
1-Feb-23,184.4093938
31-Jan-23,182.6774761
30-Jan-23,182.4309783
27-Jan-23,183.3391173
26-Jan-23,184.4907482
25-Jan-23,183.4330049
24-Jan-23,183.3693234
23-Jan-23,181.81592
20-Jan-23,180.4834978
19-Jan-23,178.6857227
18-Jan-23,178.1386732
17-Jan-23,177.9454673
16-Jan-23,179.5653496
13-Jan-23,179.3446961
12-Jan-23,179.3721276
11-Jan-23,178.0169096
10-Jan-23,175.1793475
9-Jan-23,175.0159978
6-Jan-23,173.2732357
5-Jan-23,170.25023
4-Jan-23,168.2205462
3-Jan-23,164.5525284
2-Jan-23,164.3313474
30-Dec-22,162.5289714
29-Dec-22,165.8482965
28-Dec-22,166.1997223
27-Dec-22,168.8702882
26-Dec-22,168.3621159
23-Dec-22,169.2252004
22-Dec-22,167.4398423
21-Dec-22,168.4850424
20-Dec-22,167.6069876
19-Dec-22,166.9627701
16-Dec-22,165.856702
15-Dec-22,165.1160601
14-Dec-22,167.3772141
13-Dec-22,168.3275959
9-Dec-22,168.6029415
8-Dec-22,170.6486507
7-Dec-22,169.4140141
6-Dec-22,170.0978201
5-Dec-22,168.7339425
2-Dec-22,170.26331
1-Dec-22,170.9782445
30-Nov-22,171.5151692
29-Nov-22,166.8275847
28-Nov-22,169.5945033
25-Nov-22,171.4154896
24-Nov-22,172.285519
23-Nov-22,172.3018675
22-Nov-22,171.3851176
18-Nov-22,170.7696586
17-Nov-22,170.0897925
16-Nov-22,170.4690082
15-Nov-22,170.8995982
14-Nov-22,171.087475
11-Nov-22,171.8053922
10-Nov-22,168.6741509
9-Nov-22,166.8678613
8-Nov-22,168.0513239
7-Nov-22,167.7060164
4-Nov-22,168.7744179
3-Nov-22,165.7430454
1-Nov-22,167.4835092
31-Oct-22,164.5646637
28-Oct-22,161.9046129
27-Oct-22,161.2917609
26-Oct-22,162.4876565
25-Oct-22,160.1473317
24-Oct-22,157.4512078
21-Oct-22,155.5646358
20-Oct-22,152.9744136
19-Oct-22,152.6305637
18-Oct-22,152.9398264
17-Oct-22,152.5542929
14-Oct-22,150.0043472
13-Oct-22,151.0878324
12-Oct-22,150.7749113
11-Oct-22,150.9798217
10-Oct-22,149.9437387
7-Oct-22,150.906549
6-Oct-22,152.728942
5-Oct-22,151.0740049
4-Oct-22,151.8074487
3-Oct-22,149.8881181
30-Sep-22,147.4389165
29-Sep-22,148.8664614
28-Sep-22,149.8771682
27-Sep-22,148.4974332
26-Sep-22,147.9755305
23-Sep-22,150.0596848
22-Sep-22,153.1066173
21-Sep-22,155.1420925
20-Sep-22,155.1954573
19-Sep-22,154.2365369
15-Sep-22,154.2455656
14-Sep-22,154.1105691
13-Sep-22,155.0285352
12-Sep-22,157.4909558
9-Sep-22,154.8534212
8-Sep-22,152.4686961
7-Sep-22,151.7005311
6-Sep-22,151.1912339
5-Sep-22,151.7273229
2-Sep-22,151.1982253
1-Sep-22,149.5715301
31-Aug-22,148.3053063
30-Aug-22,151.2294528
29-Aug-22,152.4644261
26-Aug-22,155.5063758
25-Aug-22,156.9503052
24-Aug-22,155.4086004
23-Aug-22,157.0099145
22-Aug-22,157.2794223
19-Aug-22,158.6755534
18-Aug-22,159.4766974
17-Aug-22,159.5244837
16-Aug-22,159.79174
15-Aug-22,159.313046
12-Aug-22,159.9862443
11-Aug-22,158.672886
10-Aug-22,156.704438
9-Aug-22,154.9240519
8-Aug-22,155.4213834
5-Aug-22,153.5318969
4-Aug-22,154.1578228
3-Aug-22,154.2941209
2-Aug-22,154.0091204
1-Aug-22,155.4819413
29-Jul-22,157.8467144
28-Jul-22,157.6992858
27-Jul-22,153.8803565
26-Jul-22,153.1938759
25-Jul-22,154.8357416
22-Jul-22,154.9746717
21-Jul-22,155.5081252
20-Jul-22,154.5979523
19-Jul-22,155.0157002
18-Jul-22,154.0079778
15-Jul-22,154.3013636
14-Jul-22,153.335472
13-Jul-22,155.3724983
12-Jul-22,155.9542184
11-Jul-22,155.1806602
8-Jul-22,155.815711
7-Jul-22,155.2593261
6-Jul-22,156.263956
5-Jul-22,155.3853295
4-Jul-22,156.9623599
1-Jul-22,156.0110849
30-Jun-22,155.4094823
29-Jun-22,156.9772327
28-Jun-22,158.2012365
27-Jun-22,157.723207
24-Jun-22,155.9995611
23-Jun-22,152.4095201
22-Jun-22,153.8484445
21-Jun-22,156.613919
20-Jun-22,155.7275309
17-Jun-22,156.362902
16-Jun-22,154.8674993
15-Jun-22,157.4352919
14-Jun-22,156.9574801
13-Jun-22,157.8765565
10-Jun-22,158.2647302
9-Jun-22,160.9548536
8-Jun-22,162.5339152
7-Jun-22,163.372379
6-Jun-22,163.0814023
3-Jun-22,164.9693712
2-Jun-22,165.8789352
1-Jun-22,167.4761791
31-May-22,168.4156843
30-May-22,169.4187765
27-May-22,170.3223881
26-May-22,168.3372842
25-May-22,167.0407606
24-May-22,165.7074163
23-May-22,165.8653761
20-May-22,166.251895
19-May-22,165.7116489
18-May-22,162.8427933
17-May-22,166.1781318
16-May-22,163.2490884
13-May-22,160.5092238
12-May-22,159.5351229
11-May-22,159.37355
10-May-22,158.9983208
9-May-22,158.7485748
6-May-22,160.340184
5-May-22,163.1308978
4-May-22,165.8184024
3-May-22,164.6223524
2-May-22,166.900334
29-Apr-22,165.5559668
28-Apr-22,169.1137999
27-Apr-22,168.1528107
26-Apr-22,168.6496998
25-Apr-22,169.4687282
22-Apr-22,171.0387574
21-Apr-22,171.3640634
20-Apr-22,173.1338205
19-Apr-22,175.4867145
18-Apr-22,173.8745694
13-Apr-22,173.9286491
12-Apr-22,172.872011
11-Apr-22,174.6152094
8-Apr-22,175.4240609
7-Apr-22,177.1708223
6-Apr-22,177.6104101
5-Apr-22,177.9740201
4-Apr-22,180.192782
1-Apr-22,181.0640512
31-Mar-22,180.7615278
30-Mar-22,178.6110605
29-Mar-22,179.5088937
28-Mar-22,178.0637682
25-Mar-22,177.1764594
24-Mar-22,178.3331616
23-Mar-22,176.2445157
22-Mar-22,178.0036335
18-Mar-22,177.1642296
17-Mar-22,173.9330352
16-Mar-22,171.0800742
15-Mar-22,169.6585926
14-Mar-22,168.9564458
11-Mar-22,170.3471914
10-Mar-22,170.6979722
9-Mar-22,172.3073692
8-Mar-22,170.2732464
7-Mar-22,167.2823102
4-Mar-22,170.5202826
3-Mar-22,171.187673
2-Mar-22,170.6650999
1-Mar-22,169.7867607
28-Feb-22,170.5697969
25-Feb-22,167.979482
24-Feb-22,164.4501409
23-Feb-22,164.4759559
22-Feb-22,168.3975911
21-Feb-22,166.7249999
18-Feb-22,167.5424583
17-Feb-22,168.8309855
16-Feb-22,171.7936025
15-Feb-22,170.206618
14-Feb-22,167.5903445
11-Feb-22,170.3074576
10-Feb-22,168.4982524
9-Feb-22,168.8306223
8-Feb-22,167.254353
4-Feb-22,164.3110162
3-Feb-22,163.8972422
2-Feb-22,166.5300221
1-Feb-22,165.7363956
31-Jan-22,164.1924267
28-Jan-22,161.9567987
27-Jan-22,161.4660114
26-Jan-22,163.196602
25-Jan-22,163.3595455
24-Jan-22,162.8382944
21-Jan-22,165.2496639
20-Jan-22,167.9087482
19-Jan-22,168.6967096
18-Jan-22,169.8770484
17-Jan-22,172.156307
14-Jan-22,171.4663876
13-Jan-22,172.0389342
12-Jan-22,172.0323507
11-Jan-22,169.223676
10-Jan-22,168.5185264
7-Jan-22,169.7379696
6-Jan-22,169.3630703
5-Jan-22,169.2933109
4-Jan-22,169.4342343
3-Jan-22,169.2798582
31-Dec-21,170.2632579
30-Dec-21,169.8745438
29-Dec-21,168.5381237
28-Dec-21,170.0192412
27-Dec-21,170.1178487
24-Dec-21,168.8026859
23-Dec-21,167.9602771
22-Dec-21,167.0256948
21-Dec-21,165.9690743
20-Dec-21,164.4169424
17-Dec-21,166.7930618
16-Dec-21,163.8565344
15-Dec-21,163.2294627
14-Dec-21,163.4694897
13-Dec-21,160.8003892
10-Dec-21,163.2573813
9-Dec-21,163.2162811
8-Dec-21,162.7049881
7-Dec-21,162.3388729
6-Dec-21,161.3529902
3-Dec-21,161.3202848
2-Dec-21,162.2772038
1-Dec-21,159.3668498
30-Nov-21,158.442658
29-Nov-21,158.618352
26-Nov-21,157.4492083
25-Nov-21,160.5572521
24-Nov-21,161.1219729
23-Nov-21,161.9499434
22-Nov-21,160.2267335
19-Nov-21,161.0729103
18-Nov-21,161.1593322
17-Nov-21,161.7848198
16-Nov-21,162.2044304
12-Nov-21,163.1961391
11-Nov-21,163.9424795
10-Nov-21,163.9926217
9-Nov-21,165.2927282
8-Nov-21,165.6394736
5-Nov-21,164.784715
4-Nov-21,164.4172609
3-Nov-21,164.2117203
1-Nov-21,163.4183797
29-Oct-21,162.3691882
28-Oct-21,162.0234516
27-Oct-21,163.2572036
26-Oct-21,164.7217057
25-Oct-21,163.7514371
22-Oct-21,163.9431349
21-Oct-21,164.2773662
20-Oct-21,165.2331062
19-Oct-21,165.5100989
18-Oct-21,166.3864385
15-Oct-21,166.7296529
14-Oct-21,164.7620842
13-Oct-21,163.8068213
12-Oct-21,163.8331383
11-Oct-21,163.2985706
8-Oct-21,161.8497911
7-Oct-21,161.0964794
6-Oct-21,161.3080613
5-Oct-21,161.5830209
4-Oct-21,161.0216594
1-Oct-21,161.7151224
30-Sep-21,162.755991
29-Sep-21,161.751089
28-Sep-21,161.2047466
27-Sep-21,163.250739
24-Sep-21,161.783353
23-Sep-21,162.928343
22-Sep-21,162.5067283
21-Sep-21,160.9506352
20-Sep-21,160.0688801
17-Sep-21,162.3856149
15-Sep-21,164.9513361
14-Sep-21,163.7036728
13-Sep-21,162.7757939
10-Sep-21,162.7037237
9-Sep-21,162.3838241
8-Sep-21,162.5718705
7-Sep-21,164.1145429
6-Sep-21,165.2029378
3-Sep-21,163.8508379
2-Sep-21,164.5146438
1-Sep-21,164.8444822
31-Aug-21,168.137126
30-Aug-21,165.9101032
27-Aug-21,165.2840186
26-Aug-21,164.7321606
25-Aug-21,164.683795
24-Aug-21,163.5728264
23-Aug-21,163.795598
20-Aug-21,161.8842231
19-Aug-21,160.9494625
18-Aug-21,163.7797529
17-Aug-21,162.3911617
16-Aug-21,161.9851008
13-Aug-21,162.3325194
12-Aug-21,161.128183
11-Aug-21,161.9556101
10-Aug-21,161.3632544
9-Aug-21,160.6861679
6-Aug-21,161.3009532
5-Aug-21,161.4483981
4-Aug-21,161.5835264
3-Aug-21,162.9392993
2-Aug-21,160.6185763
30-Jul-21,160.7279046
29-Jul-21,163.0617255
28-Jul-21,162.202691
27-Jul-21,160.992565
26-Jul-21,161.0287074
23-Jul-21,159.1454037
22-Jul-21,159.0304829
21-Jul-21,158.3844926
20-Jul-21,156.0930959
19-Jul-21,155.4071115
16-Jul-21,158.91124
15-Jul-21,159.1827668
14-Jul-21,156.48381
13-Jul-21,155.9323695
12-Jul-21,157.4680282
9-Jul-21,157.3619776
8-Jul-21,156.6935231
7-Jul-21,158.1030226
6-Jul-21,157.9912006
5-Jul-21,159.4949409
2-Jul-21,158.5445524
1-Jul-21,158.9315317
30-Jun-21,158.5896629
29-Jun-21,158.6893371
28-Jun-21,158.6259342
25-Jun-21,159.2306731
24-Jun-21,159.3360283
23-Jun-21,158.3214664
22-Jun-21,158.2844988
21-Jun-21,158.9010016
18-Jun-21,158.8980912
17-Jun-21,158.6097904
16-Jun-21,159.5521518
15-Jun-21,160.4731979
14-Jun-21,160.806072
11-Jun-21,161.5522815
10-Jun-21,160.3175325
9-Jun-21,160.1463721
8-Jun-21,160.3668853
7-Jun-21,161.9571382
4-Jun-21,158.8850627
3-Jun-21,159.401979
2-Jun-21,159.8003649
1-Jun-21,159.6552681
31-May-21,160.1304863
28-May-21,157.5607712
27-May-21,156.1776504
26-May-21,154.7228151
25-May-21,153.9529757
24-May-21,155.6248771
21-May-21,156.6135866
20-May-21,157.0842035
19-May-21,155.3171571
18-May-21,156.6201381
17-May-21,155.2770144
14-May-21,154.8366754
13-May-21,153.6057145
12-May-21,153.3589149
11-May-21,156.0527132
10-May-21,156.6489104
7-May-21,154.7439803
6-May-21,153.8838337
5-May-21,152.2504787
4-May-21,152.0614882
3-May-21,152.4708528
30-Apr-21,151.016136
29-Apr-21,153.2103071
28-Apr-21,151.9159613
27-Apr-21,152.8241814
26-Apr-21,153.1507888
23-Apr-21,153.6722781
22-Apr-21,153.4898962
21-Apr-21,152.8467242
20-Apr-21,151.7633542
19-Apr-21,150.4708386
16-Apr-21,152.4895
15-Apr-21,151.9128258
14-Apr-21,151.2434489
13-Apr-21,148.9114252
12-Apr-21,148.3434807
9-Apr-21,149.1856836
8-Apr-21,150.9856992
7-Apr-21,150.0058867
6-Apr-21,150.1815525
5-Apr-21,150.8096384
31-Mar-21,147.8383119
30-Mar-21,149.7798124
29-Mar-21,149.2077556
26-Mar-21,148.0668934
25-Mar-21,146.901893
24-Mar-21,146.0463391
23-Mar-21,146.0210294
22-Mar-21,147.6961853
19-Mar-21,147.2158303
18-Mar-21,148.7538734
17-Mar-21,149.1509719
16-Mar-21,150.6391571
12-Mar-21,149.3145789
11-Mar-21,149.1135279
10-Mar-21,148.7956768
9-Mar-21,147.4742824
8-Mar-21,147.4317655
5-Mar-21,145.1538059
4-Mar-21,144.2288773
3-Mar-21,145.2430222
2-Mar-21,143.2389134
1-Mar-21,140.6888283
26-Feb-21,140.0801465
25-Feb-21,139.1119225
24-Feb-21,141.5417493
23-Feb-21,141.6315541
22-Feb-21,140.6984183
19-Feb-21,140.666939
18-Feb-21,139.5068636
17-Feb-21,141.2012818
16-Feb-21,140.0800529
15-Feb-21,138.4710437
12-Feb-21,138.5706079
11-Feb-21,138.1252698
10-Feb-21,140.0159877
9-Feb-21,140.9456133
8-Feb-21,138.5772209
5-Feb-21,138.4313198
4-Feb-21,138.3057712
3-Feb-21,137.6495703
2-Feb-21,137.2844566
29-Jan-21,134.6216944
28-Jan-21,138.381664
27-Jan-21,138.2750834
26-Jan-21,140.6875624
25-Jan-21,140.8780909
22-Jan-21,139.5630277
21-Jan-21,139.9082364
20-Jan-21,140.8800295
19-Jan-21,141.9687062
18-Jan-21,144.792957
15-Jan-21,143.170448
14-Jan-21,143.5722244
13-Jan-21,142.6582412
12-Jan-21,143.4464484
11-Jan-21,145.0075465
8-Jan-21,146.1203407
7-Jan-21,144.4894641
6-Jan-21,142.6874413
5-Jan-21,140.5123554
4-Jan-21,140.1326162
31-Dec-20,138.1441358
30-Dec-20,139.8831229
29-Dec-20,139.7658676
28-Dec-20,137.2827089
24-Dec-20,135.761304
23-Dec-20,136.3406061
22-Dec-20,133.323043
21-Dec-20,135.1861349
18-Dec-20,137.1637796
17-Dec-20,138.5919372
16-Dec-20,136.9381465
15-Dec-20,136.1678543
14-Dec-20,136.3328851
11-Dec-20,136.337785
10-Dec-20,136.0002418
9-Dec-20,133.4563042
8-Dec-20,134.5907617
7-Dec-20,134.9306981
4-Dec-20,136.0319073
3-Dec-20,136.7920839
2-Dec-20,135.9465551
1-Dec-20,133.7680071
30-Nov-20,130.451806
27-Nov-20,130.0745877
26-Nov-20,132.1234239
25-Nov-20,131.576675
24-Nov-20,132.8514346
23-Nov-20,131.2318738
20-Nov-20,130.077962
19-Nov-20,130.0057352
18-Nov-20,131.1108879
17-Nov-20,130.1029655
13-Nov-20,126.5662326
12-Nov-20,125.1137778
11-Nov-20,126.6892119
10-Nov-20,125.2853284
9-Nov-20,123.1247221
6-Nov-20,119.7126888
5-Nov-20,119.2523586
4-Nov-20,116.269012
3-Nov-20,116.1940571
30-Oct-20,114.6632251
29-Oct-20,114.1623959
28-Oct-20,115.770574
27-Oct-20,117.6929969
26-Oct-20,118.5709335
23-Oct-20,120.0246449
22-Oct-20,119.9515711
21-Oct-20,119.8396941
20-Oct-20,118.5403749
19-Oct-20,116.9206225
16-Oct-20,117.5453278
15-Oct-20,118.1020527
14-Oct-20,118.0316759
13-Oct-20,118.3528516
12-Oct-20,118.9984376
9-Oct-20,119.3648769
8-Oct-20,118.9892571
7-Oct-20,116.1035296
6-Oct-20,114.7035309
5-Oct-20,114.1590602
2-Oct-20,113.8356064
1-Oct-20,113.697437
30-Sep-20,116.1524108
29-Sep-20,115.0761659
28-Sep-20,115.3062666
25-Sep-20,113.3993979
24-Sep-20,112.2129736
23-Sep-20,110.8830922
22-Sep-20,110.995315
21-Sep-20,110.0462182
18-Sep-20,111.592842
17-Sep-20,111.928281
15-Sep-20,113.6854411
14-Sep-20,114.0838338
11-Sep-20,112.5262244
10-Sep-20,112.0303007
9-Sep-20,112.0542922
8-Sep-20,111.7997351
7-Sep-20,113.6218418
4-Sep-20,112.9269765
3-Sep-20,112.9752166
2-Sep-20,114.7985702
1-Sep-20,116.0768526
31-Aug-20,114.1222115
28-Aug-20,116.9445054
27-Aug-20,116.4582185
26-Aug-20,116.8584533
25-Aug-20,118.2293007
24-Aug-20,117.5043577
21-Aug-20,117.6772859
20-Aug-20,119.4020718
19-Aug-20,120.3636824
18-Aug-20,120.5865995
17-Aug-20,121.0725015
14-Aug-20,120.2663697
13-Aug-20,119.1886274
12-Aug-20,119.2782826
11-Aug-20,119.4347596
10-Aug-20,118.1748199
7-Aug-20,117.2398302
6-Aug-20,117.2074081
5-Aug-20,116.8841092
4-Aug-20,115.5694437
3-Aug-20,115.6429557
31-Jul-20,114.1815569
30-Jul-20,114.3665064
29-Jul-20,115.9874503
28-Jul-20,116.0210303
27-Jul-20,115.9882797
24-Jul-20,115.0006162
23-Jul-20,115.1848127
22-Jul-20,115.1471914
21-Jul-20,113.4356313
20-Jul-20,111.8718178
17-Jul-20,112.0063594
16-Jul-20,112.2797392
15-Jul-20,112.534476
14-Jul-20,111.2829768
13-Jul-20,111.8484969
10-Jul-20,112.0512361
9-Jul-20,113.0274249
8-Jul-20,115.0543518
7-Jul-20,115.9663074
6-Jul-20,116.1510508
3-Jul-20,116.2721975
2-Jul-20,116.0211864
1-Jul-20,115.2600361
30-Jun-20,115.5228549
29-Jun-20,115.6746953
26-Jun-20,114.7139542
25-Jun-20,115.7129768
24-Jun-20,116.2412047
23-Jun-20,117.1519987
22-Jun-20,116.7642874
19-Jun-20,117.4359693
18-Jun-20,115.1740565
17-Jun-20,115.940592
16-Jun-20,116.005007
15-Jun-20,114.53656
12-Jun-20,115.3517591
11-Jun-20,112.7985239
10-Jun-20,117.1551249
9-Jun-20,119.7623703
8-Jun-20,122.1810507
5-Jun-20,119.0930655
4-Jun-20,115.7229383
3-Jun-20,116.9345268
2-Jun-20,114.3965429
1-Jun-20,112.8397754
29-May-20,110.483938
28-May-20,111.5134758
27-May-20,112.638644
26-May-20,110.5743826
25-May-20,109.4438077
22-May-20,109.1735076
21-May-20,108.6031919
20-May-20,109.8919922
19-May-20,109.2587824
18-May-20,112.8710741
15-May-20,108.6875822
14-May-20,109.8839462
13-May-20,110.6904424
12-May-20,113.8356137
11-May-20,114.3264546
8-May-20,114.4135193
7-May-20,111.9914322
6-May-20,112.3311504
5-May-20,111.35671
4-May-20,110.553301
30-Apr-20,111.0672046
29-Apr-20,112.3426265
28-Apr-20,108.8000143
27-Apr-20,106.3219734
24-Apr-20,105.2248234
23-Apr-20,103.9749634
22-Apr-20,103.7938927
21-Apr-20,102.8013195
20-Apr-20,104.5378121
17-Apr-20,105.371448
16-Apr-20,102.7009008
15-Apr-20,102.9592507
14-Apr-20,105.565823
13-Apr-20,105.1088682
8-Apr-20,105.067758
7-Apr-20,104.9558347
6-Apr-20,104.1527657
3-Apr-20,100.1166072
2-Apr-20,101.8257009
1-Apr-20,102.0303278
31-Mar-20,104.7572154
30-Mar-20,103.5651721
27-Mar-20,102.744742
26-Mar-20,108.3417038
25-Mar-20,107.7865646
24-Mar-20,103.9623238
23-Mar-20,99.02848485
20-Mar-20,103.4077717
19-Mar-20,106.0283688
18-Mar-20,107.3448608
17-Mar-20,111.8788867
13-Mar-20,116.2535794
12-Mar-20,111.8891429
11-Mar-20,118.4816602
10-Mar-20,121.3058019
9-Mar-20,118.6296386
6-Mar-20,126.6239182
5-Mar-20,129.6243051
4-Mar-20,132.4705572
3-Mar-20,129.5551513
2-Mar-20,128.8275068
28-Feb-20,126.3585959
27-Feb-20,127.2181642
26-Feb-20,130.6242367
25-Feb-20,131.5724187
24-Feb-20,133.6186234
21-Feb-20,136.5707816
20-Feb-20,136.5446491
19-Feb-20,136.9461781
18-Feb-20,137.1289333
17-Feb-20,137.2282172
14-Feb-20,137.2872868
13-Feb-20,137.2559936
12-Feb-20,138.1835633
11-Feb-20,137.1699699
10-Feb-20,135.0577843
7-Feb-20,135.4381037
6-Feb-20,135.6907249
5-Feb-20,136.5654485
4-Feb-20,137.3840052
31-Jan-20,134.5333336
30-Jan-20,136.5961371
29-Jan-20,137.378562
28-Jan-20,136.1380173
27-Jan-20,134.4322867
24-Jan-20,137.445286
23-Jan-20,138.534753
22-Jan-20,138.9076508
21-Jan-20,138.9890581
20-Jan-20,139.7568052
17-Jan-20,139.5334628
16-Jan-20,137.8521314
15-Jan-20,135.381896
14-Jan-20,136.1965067
13-Jan-20,136.4344751
10-Jan-20,135.8582857
9-Jan-20,135.5423811
8-Jan-20,135.2566345
7-Jan-20,134.3478696
6-Jan-20,135.4107984
3-Jan-20,135.7077762
2-Jan-20,135.1684869
31-Dec-19,132.4539883
30-Dec-19,132.800483
27-Dec-19,134.5906791
26-Dec-19,134.6798656
24-Dec-19,134.3175955
23-Dec-19,134.6412058
20-Dec-19,135.2799354
19-Dec-19,135.6313992
18-Dec-19,136.9189672
17-Dec-19,134.938583
16-Dec-19,134.6552276
13-Dec-19,134.455312
11-Dec-19,131.4747527
10-Dec-19,129.9502188
9-Dec-19,127.940535
6-Dec-19,128.0296463
5-Dec-19,128.920354
4-Dec-19,128.8666516
3-Dec-19,129.0916062
2-Dec-19,129.9110215
29-Nov-19,130.8361471
28-Nov-19,131.5849124
27-Nov-19,131.3343996
26-Nov-19,130.8127714
25-Nov-19,132.7078038
22-Nov-19,132.4590305
21-Nov-19,131.7267399
20-Nov-19,132.6715123
19-Nov-19,132.4805226
15-Nov-19,131.8538603
14-Nov-19,131.1778587
13-Nov-19,130.8461745
12-Nov-19,130.966598
11-Nov-19,132.2664495
8-Nov-19,132.567479
7-Nov-19,133.7195393
6-Nov-19,132.6843263
5-Nov-19,132.1527213
4-Nov-19,132.7741351
1-Nov-19,132.8017929
31-Oct-19,131.2276679
30-Oct-19,132.2561721
29-Oct-19,132.6294651
28-Oct-19,132.4714129
25-Oct-19,131.3176961
24-Oct-19,132.3306295
23-Oct-19,131.842232
22-Oct-19,131.4687036
21-Oct-19,131.5897268
18-Oct-19,130.8332363
17-Oct-19,131.7537021
16-Oct-19,131.9139618
15-Oct-19,131.1483406
14-Oct-19,131.2647245
11-Oct-19,131.0626362
10-Oct-19,130.2551737
9-Oct-19,128.832712
8-Oct-19,128.9626118
7-Oct-19,130.1038932
4-Oct-19,131.4347939
3-Oct-19,128.4944827
2-Oct-19,127.7790727
1-Oct-19,129.8060358
30-Sep-19,130.011721
27-Sep-19,129.5108702
26-Sep-19,129.9407934
25-Sep-19,129.9440662
24-Sep-19,130.0740296
23-Sep-19,131.3041056
20-Sep-19,131.4315905
19-Sep-19,129.8841136
18-Sep-19,129.9199382
17-Sep-19,131.000663
13-Sep-19,129.4113042
12-Sep-19,128.8025144
11-Sep-19,129.0875303
10-Sep-19,128.5590867
9-Sep-19,128.7865207
6-Sep-19,128.9047016
5-Sep-19,128.9703868
4-Sep-19,127.8451617
3-Sep-19,126.1994892
2-Sep-19,126.9502226
30-Aug-19,128.3784587
29-Aug-19,126.118032
28-Aug-19,123.468354
27-Aug-19,122.6620496
26-Aug-19,120.926607
23-Aug-19,120.1371873
22-Aug-19,120.9399227
21-Aug-19,120.6801797
20-Aug-19,119.5325704
19-Aug-19,119.0906528
16-Aug-19,118.6316605
15-Aug-19,116.3578114
14-Aug-19,116.4549871
13-Aug-19,118.7033997
12-Aug-19,119.7233698
9-Aug-19,121.3634555
8-Aug-19,121.5438628
7-Aug-19,121.2673388
6-Aug-19,119.3892928
5-Aug-19,118.4619913
2-Aug-19,119.8033074
1-Aug-19,120.8764936
31-Jul-19,122.3343022
30-Jul-19,123.0560465
29-Jul-19,123.518248
26-Jul-19,121.7779972
25-Jul-19,122.589233
24-Jul-19,123.2282826
23-Jul-19,122.3725002
22-Jul-19,123.1814095
19-Jul-19,124.3141093
18-Jul-19,124.5036788
17-Jul-19,127.0577007
16-Jul-19,128.3190602
15-Jul-19,128.5718786
12-Jul-19,127.3851002
11-Jul-19,128.0301654
10-Jul-19,127.5868828
9-Jul-19,127.6169786
8-Jul-19,129.8417532
5-Jul-19,129.2034674
4-Jul-19,129.3699745
3-Jul-19,129.4270393
2-Jul-19,129.2558863
1-Jul-19,129.2664301
28-Jun-19,128.5522158
27-Jun-19,128.9936142
26-Jun-19,130.3815358
25-Jun-19,130.2941368
24-Jun-19,130.1760974
21-Jun-19,129.7624776
20-Jun-19,130.0411348
19-Jun-19,129.1822144
18-Jun-19,128.5789904
17-Jun-19,127.8318003
14-Jun-19,128.4219665
13-Jun-19,129.4158986
12-Jun-19,130.2509039
11-Jun-19,130.1159139
10-Jun-19,129.9130047
7-Jun-19,128.8109954
6-Jun-19,128.3968198
5-Jun-19,129.1273748
4-Jun-19,127.8825402
3-Jun-19,127.4063734
31-May-19,126.5233338
30-May-19,128.3202373
29-May-19,126.8614442
28-May-19,125.0947766
27-May-19,125.6595633
24-May-19,126.0193628
23-May-19,126.6181719
22-May-19,127.1179623
21-May-19,127.6430295
20-May-19,128.5463433
17-May-19,128.2404088
16-May-19,128.3099127
15-May-19,128.1553632
14-May-19,128.4226535
13-May-19,127.4819535
10-May-19,128.2347338
9-May-19,127.7883571
8-May-19,128.2891626
7-May-19,128.707614
6-May-19,130.4411172
3-May-19,130.7724441
2-May-19,130.7274086
30-Apr-19,131.5626489
29-Apr-19,132.1886336
26-Apr-19,132.3488274
25-Apr-19,132.4812863
24-Apr-19,132.448586
23-Apr-19,132.7301754
22-Apr-19,133.2379701
17-Apr-19,133.5923765
16-Apr-19,132.2668495
15-Apr-19,131.0823015
12-Apr-19,131.2589403
11-Apr-19,131.0504435
10-Apr-19,132.0543956
9-Apr-19,132.6832228
8-Apr-19,133.4374337
5-Apr-19,132.2376559
4-Apr-19,129.4249248
3-Apr-19,127.7557721
2-Apr-19,127.7409506
1-Apr-19,128.7059854
29-Mar-19,127.4766378
28-Mar-19,126.5163102
27-Mar-19,126.5743742
26-Mar-19,126.2730981
25-Mar-19,125.9688134
22-Mar-19,124.8396672
21-Mar-19,127.5433479
20-Mar-19,127.2223432
19-Mar-19,125.1037502
15-Mar-19,124.6185211
14-Mar-19,123.3576386
13-Mar-19,123.7717769
12-Mar-19,123.3732142
11-Mar-19,123.5805471
8-Mar-19,122.7709425
7-Mar-19,122.8435933
6-Mar-19,123.4472364
5-Mar-19,123.9140266
4-Mar-19,124.7171479
1-Mar-19,125.3652987
28-Feb-19,125.9842507
27-Feb-19,127.1605318
26-Feb-19,128.0598826
25-Feb-19,128.0811565
22-Feb-19,128.0183294
21-Feb-19,127.4852089
20-Feb-19,126.4224407
19-Feb-19,125.7884747
18-Feb-19,125.7075299
15-Feb-19,125.871279
14-Feb-19,124.998097
13-Feb-19,123.8304985
12-Feb-19,126.2398384
11-Feb-19,126.6985667
8-Feb-19,126.4751004
7-Feb-19,127.7952594
6-Feb-19,128.3928814
5-Feb-19,129.5260255
1-Feb-19,127.7811484
31-Jan-19,128.4513313
30-Jan-19,127.312116
29-Jan-19,127.4307939
28-Jan-19,127.2111976
25-Jan-19,127.2358237
24-Jan-19,126.9878283
23-Jan-19,127.1665602
22-Jan-19,127.3023013
21-Jan-19,128.3303481
18-Jan-19,128.8732007
17-Jan-19,127.9194425
16-Jan-19,127.6466988
15-Jan-19,126.9277538
14-Jan-19,126.496838
11-Jan-19,126.7545256
10-Jan-19,127.1139112
9-Jan-19,127.1020477
8-Jan-19,126.7784857
7-Jan-19,124.7359282
4-Jan-19,123.7321274
3-Jan-19,122.5525904
2-Jan-19,123.0318202
31-Dec-18,121.0646926
28-Dec-18,120.5523846
27-Dec-18,120.4140101
26-Dec-18,120.8585104
24-Dec-18,120.2792981
21-Dec-18,120.4815052
20-Dec-18,121.0708025
19-Dec-18,120.3004088
18-Dec-18,119.1691514
17-Dec-18,117.5393874
14-Dec-18,120.1947128
13-Dec-18,120.7763651
11-Dec-18,119.1362591
10-Dec-18,120.3191883
7-Dec-18,121.7548974
6-Dec-18,122.0032755
5-Dec-18,121.7333767
4-Dec-18,121.4969756
3-Dec-18,122.3378079
30-Nov-18,121.3754921
29-Nov-18,121.92592
28-Nov-18,119.6468967
27-Nov-18,115.9869062
26-Nov-18,114.971391
23-Nov-18,119.4087137
22-Nov-18,119.8899612
21-Nov-18,120.5890455
20-Nov-18,121.2948257
16-Nov-18,122.8156606
15-Nov-18,120.4609164
14-Nov-18,122.6592116
13-Nov-18,122.8437011
12-Nov-18,125.1339403
9-Nov-18,127.5495187
8-Nov-18,127.3238181
7-Nov-18,134.7326365
6-Nov-18,133.0737955
5-Nov-18,134.2645351
1-Nov-18,130.5181651
31-Oct-18,126.2519053
30-Oct-18,125.2990151
29-Oct-18,126.129542
26-Oct-18,131.6028807
25-Oct-18,132.8027571
24-Oct-18,131.9482698
23-Oct-18,133.3874642
22-Oct-18,134.7190669
19-Oct-18,136.1500593
18-Oct-18,135.1438957
17-Oct-18,137.6626552
16-Oct-18,138.4614757
15-Oct-18,137.1799153
12-Oct-18,136.4361721
11-Oct-18,136.7068975
10-Oct-18,138.1717883
9-Oct-18,139.3309803
8-Oct-18,138.2508406
5-Oct-18,138.1893791
4-Oct-18,139.8868869
3-Oct-18,140.8430725
2-Oct-18,141.8730378
1-Oct-18,143.0607974
28-Sep-18,142.0684568
27-Sep-18,142.4473762
26-Sep-18,142.3476464
25-Sep-18,142.4318554
24-Sep-18,141.8001274
21-Sep-18,141.5791292
20-Sep-18,142.1460078
19-Sep-18,142.4366032
18-Sep-18,142.5455152
17-Sep-18,141.8967189
14-Sep-18,142.5227243
13-Sep-18,142.7172319
12-Sep-18,141.5586438
11-Sep-18,140.5109014
10-Sep-18,140.4313648
7-Sep-18,140.7681838
6-Sep-18,140.0989555
5-Sep-18,139.7679169
4-Sep-18,140.5818306
3-Sep-18,142.2369849
31-Aug-18,142.3457244
30-Aug-18,142.5839179
29-Aug-18,144.1898577
28-Aug-18,143.803756
27-Aug-18,144.8717768
24-Aug-18,142.8295379
23-Aug-18,143.1257121
22-Aug-18,143.4151723
21-Aug-18,141.8223354
20-Aug-18,140.177351
17-Aug-18,138.8168847
16-Aug-18,138.1476718
15-Aug-18,139.406078
14-Aug-18,140.90852
13-Aug-18,140.0224554
10-Aug-18,138.9533574
9-Aug-18,141.4086372
8-Aug-18,143.219947
7-Aug-18,143.5247827
6-Aug-18,141.5983523
3-Aug-18,141.5601908
2-Aug-18,140.7527127
1-Aug-18,141.8514637
31-Jul-18,142.4877682
30-Jul-18,142.5360471
27-Jul-18,142.352902
26-Jul-18,141.8080569
25-Jul-18,142.3983747
24-Jul-18,142.0871139
23-Jul-18,140.7204067
20-Jul-18,140.8583643
19-Jul-18,140.2622343
18-Jul-18,140.9316342
17-Jul-18,140.0475922
16-Jul-18,139.3619191
13-Jul-18,139.1594875
12-Jul-18,139.9309435
11-Jul-18,140.6670264
10-Jul-18,140.7341013
9-Jul-18,141.4492726
6-Jul-18,140.7692221
5-Jul-18,139.5393896
4-Jul-18,136.1379038
3-Jul-18,135.4481957
2-Jul-18,134.4325337
29-Jun-18,137.1152256
28-Jun-18,135.2673785
27-Jun-18,134.7890264
26-Jun-18,134.8452996
25-Jun-18,134.3380438
22-Jun-18,134.1229316
21-Jun-18,133.3975587
20-Jun-18,134.3038564
19-Jun-18,133.4767621
18-Jun-18,133.9867897
15-Jun-18,134.7366844
14-Jun-18,135.3227285
13-Jun-18,134.1724192
12-Jun-18,133.9789909
11-Jun-18,133.03426
8-Jun-18,132.0095487
7-Jun-18,130.7399236
6-Jun-18,129.8315987
5-Jun-18,129.7166248
4-Jun-18,130.2474153
1-Jun-18,129.5557659
31-May-18,128.6046259
30-May-18,128.7206198
29-May-18,128.4262054
28-May-18,129.1821934
25-May-18,129.7825696
24-May-18,130.6713076
23-May-18,131.566726
22-May-18,130.9740394
21-May-18,130.0660201
18-May-18,130.9832188
17-May-18,131.48319
16-May-18,133.2212738
15-May-18,132.8318929
14-May-18,133.5599845
11-May-18,134.059139
10-May-18,133.6420579
9-May-18,132.7452291
8-May-18,133.7935987
7-May-18,133.1907897
4-May-18,134.750868
3-May-18,135.0835876
2-May-18,137.2127465
30-Apr-18,138.4381622
27-Apr-18,138.0948499
26-Apr-18,138.0696823
25-Apr-18,137.5903342
24-Apr-18,137.6025837
23-Apr-18,138.5441218
20-Apr-18,138.5392377
19-Apr-18,139.2265101
18-Apr-18,140.2357752
17-Apr-18,140.0145123
16-Apr-18,138.5891903
13-Apr-18,139.288179
12-Apr-18,139.3004479
11-Apr-18,138.5897582
10-Apr-18,138.1089635
9-Apr-18,137.4051879
6-Apr-18,137.1087166
5-Apr-18,137.1592677
4-Apr-18,135.7253986
3-Apr-18,133.4311532
2-Apr-18,130.9873722
28-Mar-18,131.9017405
27-Mar-18,133.6351875
26-Mar-18,133.7945261
23-Mar-18,132.9355083
22-Mar-18,135.1862045
21-Mar-18,135.5341403
20-Mar-18,134.1872759
16-Mar-18,135.145367
15-Mar-18,136.1684943
14-Mar-18,137.0638363
13-Mar-18,138.1500602
12-Mar-18,138.5193888
9-Mar-18,138.1309091
8-Mar-18,137.0508925
7-Mar-18,135.4916224
6-Mar-18,135.9546551
5-Mar-18,135.5832742
2-Mar-18,135.2716965
1-Mar-18,135.4209882
28-Feb-18,134.9920179
27-Feb-18,136.4240805
26-Feb-18,137.7194839
23-Feb-18,137.8622205
22-Feb-18,138.6317605
21-Feb-18,137.555392
20-Feb-18,137.9982891
19-Feb-18,138.6885515
16-Feb-18,138.4989884
15-Feb-18,138.3225408
14-Feb-18,137.2185098
13-Feb-18,136.0212792
12-Feb-18,135.5500285
9-Feb-18,135.3757464
8-Feb-18,135.5497355
7-Feb-18,138.5629735
6-Feb-18,139.5481955
2-Feb-18,142.4673043
1-Feb-18,143.028397
31-Jan-18,142.7152448
30-Jan-18,142.3946654
29-Jan-18,143.1915803
26-Jan-18,144.3523203
25-Jan-18,143.626942
24-Jan-18,143.4133956
23-Jan-18,142.0309706
22-Jan-18,141.3210541
19-Jan-18,140.5360909
18-Jan-18,141.128397
17-Jan-18,140.7162942
16-Jan-18,140.0557433
15-Jan-18,139.740055
12-Jan-18,139.0900204
11-Jan-18,138.1834141
10-Jan-18,138.1804449
9-Jan-18,140.59874
8-Jan-18,141.4126536
5-Jan-18,141.1816953
4-Jan-18,140.732413
3-Jan-18,140.7829225
2-Jan-18,141.4809382
29-Dec-17,139.6744578
28-Dec-17,138.2925277
27-Dec-17,137.7336265
26-Dec-17,137.1054518
22-Dec-17,136.96218
21-Dec-17,137.2521423
20-Dec-17,137.0552006
19-Dec-17,137.1554049
18-Dec-17,137.8751536
15-Dec-17,136.4018002
14-Dec-17,136.6779103
13-Dec-17,136.8074678
11-Dec-17,135.2548603
8-Dec-17,135.0286682
7-Dec-17,133.4517714
6-Dec-17,133.4262734
5-Dec-17,134.752409
4-Dec-17,133.9861078
1-Dec-17,134.3973097
30-Nov-17,133.9463328
29-Nov-17,135.2787447
28-Nov-17,134.2520443
27-Nov-17,134.3946773
24-Nov-17,136.113641
23-Nov-17,136.5923054
22-Nov-17,136.7919668
21-Nov-17,136.8369704
17-Nov-17,135.7524934
16-Nov-17,135.2684511
15-Nov-17,135.012131
14-Nov-17,135.4849703
13-Nov-17,135.9946561
10-Nov-17,136.0447115
9-Nov-17,137.9780861
8-Nov-17,138.1097451
7-Nov-17,138.5806351
6-Nov-17,138.5064198
3-Nov-17,137.3329232
1-Nov-17,136.7856215
31-Oct-17,137.6113627
30-Oct-17,137.9156733
27-Oct-17,138.7812146
26-Oct-17,138.0860388
25-Oct-17,137.9331999
24-Oct-17,141.3612648
23-Oct-17,139.6856418
20-Oct-17,140.9457222
19-Oct-17,140.9318648
18-Oct-17,140.7729443
17-Oct-17,141.3758576
16-Oct-17,140.1751485
13-Oct-17,140.8707159
12-Oct-17,140.8361188
11-Oct-17,141.4149359
10-Oct-17,141.0408659
9-Oct-17,141.4193458
6-Oct-17,142.0242896
5-Oct-17,142.4498819
4-Oct-17,142.6480308
3-Oct-17,142.7692704
2-Oct-17,142.4660375
29-Sep-17,141.9502658
28-Sep-17,141.3551424
27-Sep-17,141.4127274
26-Sep-17,141.9463
25-Sep-17,142.0269187
22-Sep-17,141.8792939
21-Sep-17,142.4311235
20-Sep-17,141.9199348
19-Sep-17,141.6580803
18-Sep-17,141.756935
15-Sep-17,140.9498224
14-Sep-17,141.3637405
13-Sep-17,141.5166374
12-Sep-17,142.3909161
11-Sep-17,142.0693061
8-Sep-17,141.3048999
7-Sep-17,141.9679428
6-Sep-17,142.6045444
5-Sep-17,141.995364
4-Sep-17,143.3316314
1-Sep-17,144.0211774
31-Aug-17,144.3695853
30-Aug-17,144.2587541
29-Aug-17,144.6042615
28-Aug-17,144.5604843
25-Aug-17,144.8433884
24-Aug-17,145.062928
23-Aug-17,144.6645459
22-Aug-17,144.8446273
21-Aug-17,144.6075289
18-Aug-17,144.0937595
17-Aug-17,143.7861922
16-Aug-17,144.2635233
15-Aug-17,144.7246401
14-Aug-17,144.3138456
11-Aug-17,142.9295523
10-Aug-17,143.4237463
9-Aug-17,144.3414155
8-Aug-17,144.6356154
7-Aug-17,144.8153572
4-Aug-17,144.5897132
3-Aug-17,144.3540388
2-Aug-17,144.0540445
1-Aug-17,143.9460672
31-Jul-17,143.4344315
28-Jul-17,143.9622677
27-Jul-17,144.0571336
26-Jul-17,145.0755072
25-Jul-17,145.3194788
24-Jul-17,145.1746787
21-Jul-17,144.8529981
20-Jul-17,143.8309344
19-Jul-17,143.7303697
18-Jul-17,143.7965507
17-Jul-17,144.4100397
14-Jul-17,143.9627341
13-Jul-17,143.4426554
12-Jul-17,143.0131084
11-Jul-17,142.045537
10-Jul-17,142.3542442
7-Jul-17,140.8754778
6-Jul-17,140.7493036
5-Jul-17,141.6347944
4-Jul-17,140.9680485
3-Jul-17,141.1369396
30-Jun-17,140.5154945
29-Jun-17,138.7478306
28-Jun-17,139.1148603
27-Jun-17,138.455312
26-Jun-17,138.7488432
23-Jun-17,137.8408141
22-Jun-17,137.9262223
21-Jun-17,137.7315244
20-Jun-17,137.8756757
19-Jun-17,138.2423684
16-Jun-17,138.3228229
15-Jun-17,138.0534022
14-Jun-17,138.4300639
13-Jun-17,137.7825645
12-Jun-17,137.9751701
9-Jun-17,137.7966519
8-Jun-17,137.8284522
7-Jun-17,138.2677212
6-Jun-17,138.0792927
5-Jun-17,139.1301756
2-Jun-17,138.3909046
1-Jun-17,137.7260849
31-May-17,136.8142852
30-May-17,138.1549444
29-May-17,138.6883776
26-May-17,139.248097
25-May-17,138.4184027
24-May-17,138.6276169
23-May-17,137.4366606
22-May-17,137.123676
19-May-17,137.5505348
18-May-17,135.6732084
17-May-17,136.7561233
16-May-17,138.599267
15-May-17,139.1332147
12-May-17,138.4303719
11-May-17,138.7130726
10-May-17,139.6597371
9-May-17,139.5889152
8-May-17,138.3831927
5-May-17,138.2134672
4-May-17,136.9066509
3-May-17,137.2200245
2-May-17,138.4725719
28-Apr-17,137.4755845
27-Apr-17,137.920911
26-Apr-17,138.1245069
25-Apr-17,138.8434714
24-Apr-17,137.8220572
21-Apr-17,136.5656172
20-Apr-17,136.6368541
19-Apr-17,135.8780974
18-Apr-17,135.6388042
17-Apr-17,136.2345597
12-Apr-17,136.1170792
11-Apr-17,137.9148075
10-Apr-17,137.7245336
7-Apr-17,137.201328
6-Apr-17,136.3827946
5-Apr-17,136.9064493
4-Apr-17,137.2052481
3-Apr-17,135.8275491
31-Mar-17,135.0636284
30-Mar-17,135.8510526
29-Mar-17,136.2471328
28-Mar-17,136.9612991
27-Mar-17,136.8316384
24-Mar-17,136.2296992
23-Mar-17,135.1993753
22-Mar-17,134.6211482
21-Mar-17,134.906106
17-Mar-17,134.8882253
16-Mar-17,133.4321301
15-Mar-17,131.8698677
14-Mar-17,130.8791354
13-Mar-17,130.9442585
10-Mar-17,131.0059516
9-Mar-17,131.2666481
8-Mar-17,131.9966836
7-Mar-17,131.7250802
6-Mar-17,132.8763205
3-Mar-17,131.5913804
2-Mar-17,131.1970591
1-Mar-17,131.5353915
28-Feb-17,129.9714583
27-Feb-17,131.1767103
24-Feb-17,130.4230658
23-Feb-17,130.7485449
22-Feb-17,130.7800272
21-Feb-17,131.8648055
20-Feb-17,130.4432823
17-Feb-17,130.6070626
16-Feb-17,130.972495
15-Feb-17,130.5957987
14-Feb-17,131.1436977
13-Feb-17,131.9202284
10-Feb-17,132.2282729
9-Feb-17,130.7566991
8-Feb-17,129.9661951
7-Feb-17,129.5234987
3-Feb-17,130.9127299
2-Feb-17,130.5278708
1-Feb-17,130.1911911
31-Jan-17,130.255161
30-Jan-17,130.4757087
27-Jan-17,131.3400235
26-Jan-17,131.7526864
25-Jan-17,133.6662875
24-Jan-17,133.1885491
23-Jan-17,130.4924268
20-Jan-17,128.2913613
19-Jan-17,128.0726806
18-Jan-17,128.3503835
17-Jan-17,127.4249487
16-Jan-17,126.8750527
13-Jan-17,127.9772199
12-Jan-17,127.550514
11-Jan-17,127.1924379
10-Jan-17,127.1176941
9-Jan-17,126.3256244
6-Jan-17,127.8034073
5-Jan-17,129.5766218
4-Jan-17,129.3851165
3-Jan-17,128.3381805
2-Jan-17,127.246959
30-Dec-16,127.0848251
29-Dec-16,127.6733511
28-Dec-16,126.7281865
27-Dec-16,126.0845578
26-Dec-16,125.1719627
23-Dec-16,125.5626545
22-Dec-16,125.1842881
21-Dec-16,125.1460707
20-Dec-16,125.1333276
19-Dec-16,125.1169813
16-Dec-16,125.7336847
15-Dec-16,127.5865745
14-Dec-16,128.5808934
13-Dec-16,130.2315039
9-Dec-16,130.243511
8-Dec-16,128.9000202
7-Dec-16,126.8990213
6-Dec-16,125.5744651
5-Dec-16,125.0973009
2-Dec-16,124.1453524
1-Dec-16,124.9310344
30-Nov-16,126.1308564
29-Nov-16,126.2404935
28-Nov-16,126.4098695
25-Nov-16,126.1416738
24-Nov-16,125.829277
23-Nov-16,125.5529166
22-Nov-16,124.7607506
18-Nov-16,123.4533699
17-Nov-16,124.8780999
16-Nov-16,124.8871657
15-Nov-16,125.129825
14-Nov-16,125.6631546
11-Nov-16,124.8466915
10-Nov-16,125.793925
9-Nov-16,132.0006879
8-Nov-16,134.9332493
7-Nov-16,133.9767757
4-Nov-16,130.2430662
3-Nov-16,130.1627496
1-Nov-16,131.768663
31-Oct-16,133.763738
28-Oct-16,133.7761059
27-Oct-16,134.3193007
26-Oct-16,133.5247302
25-Oct-16,134.3949569
24-Oct-16,135.2401331
21-Oct-16,135.2159847
20-Oct-16,134.7572022
19-Oct-16,135.2839982
18-Oct-16,134.1802133
17-Oct-16,133.0149647
14-Oct-16,133.1309652
13-Oct-16,133.1526828
12-Oct-16,133.6128608
11-Oct-16,133.8661003
10-Oct-16,134.5163636
7-Oct-16,132.7131192
6-Oct-16,133.6940352
5-Oct-16,134.2214488
4-Oct-16,133.4517627
3-Oct-16,132.5766617
30-Sep-16,131.6984164
29-Sep-16,132.7266282
28-Sep-16,133.8582776
27-Sep-16,132.9777087
26-Sep-16,131.6349173
23-Sep-16,133.049906
22-Sep-16,133.5728616
21-Sep-16,130.7913246
20-Sep-16,129.4497209
19-Sep-16,128.1381376
15-Sep-16,128.2225497
14-Sep-16,127.7224961
13-Sep-16,128.7520393
12-Sep-16,130.2843869
9-Sep-16,129.7197796
8-Sep-16,132.2684148
7-Sep-16,132.265525
6-Sep-16,132.8715997
5-Sep-16,133.4201117
2-Sep-16,133.3106788
1-Sep-16,132.6266746
31-Aug-16,132.7368928
30-Aug-16,133.0387589
29-Aug-16,132.8258389
26-Aug-16,132.237707
25-Aug-16,133.0233726
24-Aug-16,133.0421751
23-Aug-16,132.8950612
22-Aug-16,134.5433477
19-Aug-16,134.5194219
18-Aug-16,134.9048865
17-Aug-16,134.4352492
16-Aug-16,134.739277
15-Aug-16,135.6615946
12-Aug-16,134.7751202
11-Aug-16,134.6873987
10-Aug-16,133.3424136
9-Aug-16,132.9052162
8-Aug-16,132.1732869
5-Aug-16,131.6274573
4-Aug-16,130.9927961
3-Aug-16,130.6282258
2-Aug-16,129.8882785
1-Aug-16,130.5248697
29-Jul-16,130.1403105
28-Jul-16,130.5353954
27-Jul-16,130.4859882
26-Jul-16,130.815388
25-Jul-16,131.37925
22-Jul-16,132.4139097
21-Jul-16,131.8832854
20-Jul-16,132.2388882
19-Jul-16,131.1364617
18-Jul-16,130.9615544
15-Jul-16,130.2960547
14-Jul-16,129.8374719
13-Jul-16,129.1593093
12-Jul-16,129.5750624
11-Jul-16,128.8157099
8-Jul-16,127.6401931
7-Jul-16,126.68514
6-Jul-16,126.563144
5-Jul-16,127.8469308
4-Jul-16,128.7604403
1-Jul-16,128.7580855
30-Jun-16,128.0713292
29-Jun-16,126.763667
28-Jun-16,124.7351279
27-Jun-16,123.6857985
24-Jun-16,125.26801
23-Jun-16,128.5901622
22-Jun-16,127.7174763
21-Jun-16,127.4820906
20-Jun-16,127.6602083
17-Jun-16,126.4238425
16-Jun-16,126.2004339
15-Jun-16,125.6616627
14-Jun-16,124.6080847
13-Jun-16,125.5849895
10-Jun-16,126.2353024
9-Jun-16,127.4476044
8-Jun-16,128.9179634
7-Jun-16,128.5944477
6-Jun-16,127.9593596
3-Jun-16,127.972924
2-Jun-16,126.8770552
1-Jun-16,127.0728253
31-May-16,126.9686061
30-May-16,128.3583207
27-May-16,128.6220997
26-May-16,128.3419279
25-May-16,127.6654113
24-May-16,127.0840297
23-May-16,126.3405368
20-May-16,126.2275032
19-May-16,125.904697
18-May-16,127.2244106
17-May-16,128.0690061
16-May-16,128.0630529
13-May-16,126.9601124
12-May-16,127.6491426
11-May-16,127.2265383
10-May-16,127.6585106
9-May-16,126.5632298
6-May-16,126.4681701
5-May-16,126.2487331
4-May-16,126.7496099
3-May-16,127.5442349
2-May-16,127.7835193
29-Apr-16,127.8133177
28-Apr-16,127.1403828
27-Apr-16,128.2674433
26-Apr-16,126.8124705
25-Apr-16,127.1504075
22-Apr-16,127.2913176
21-Apr-16,127.0530687
20-Apr-16,127.0699378
19-Apr-16,127.4227907
18-Apr-16,125.5182446
15-Apr-16,126.782159
14-Apr-16,126.5270467
13-Apr-16,126.4419417
12-Apr-16,125.5933452
11-Apr-16,124.7802905
8-Apr-16,125.0459152
7-Apr-16,125.4145069
6-Apr-16,125.9130059
5-Apr-16,125.6951733
4-Apr-16,127.0182651
1-Apr-16,127.9559809
31-Mar-16,127.4513854
30-Mar-16,128.1823685
29-Mar-16,127.3867709
28-Mar-16,126.6322869
23-Mar-16,126.6598785
22-Mar-16,126.6273288
18-Mar-16,126.2336471
17-Mar-16,126.038212
16-Mar-16,124.2101994
15-Mar-16,122.8209306
14-Mar-16,124.0042997
11-Mar-16,124.1482915
10-Mar-16,123.0283565
9-Mar-16,123.3830115
8-Mar-16,123.428445
7-Mar-16,124.703988
4-Mar-16,124.4611708
3-Mar-16,124.1097532
2-Mar-16,123.8157637
1-Mar-16,122.6314238
29-Feb-16,121.3518809
26-Feb-16,120.6434772
25-Feb-16,120.4869431
24-Feb-16,119.7348494
23-Feb-16,119.7674267
22-Feb-16,120.6526973
19-Feb-16,120.0794884
18-Feb-16,120.4533758
17-Feb-16,120.5883431
16-Feb-16,119.2727713
15-Feb-16,119.468147
12-Feb-16,117.5081742
11-Feb-16,117.2536796
10-Feb-16,117.7471839
9-Feb-16,117.3522461
8-Feb-16,118.3841768
5-Feb-16,119.5023795
4-Feb-16,120.7868907
3-Feb-16,119.4867826
2-Feb-16,119.0155543
29-Jan-16,120.3772395
28-Jan-16,117.1271768
27-Jan-16,116.393837
26-Jan-16,115.9733364
25-Jan-16,114.8562825
22-Jan-16,115.2910311
21-Jan-16,114.1675044
20-Jan-16,113.3354611
19-Jan-16,113.4027044
18-Jan-16,112.8923348
15-Jan-16,113.3372982
14-Jan-16,114.8002112
13-Jan-16,113.986789
12-Jan-16,114.0679673
11-Jan-16,113.3560917
8-Jan-16,112.3286497
7-Jan-16,113.223586
6-Jan-16,115.8929586
5-Jan-16,116.8287008
4-Jan-16,117.0219684
31-Dec-15,119.1374712
30-Dec-15,119.1568433
29-Dec-15,120.0860419
28-Dec-15,120.1481046
24-Dec-15,120.4670922
23-Dec-15,120.5333918
22-Dec-15,119.9184799
21-Dec-15,119.4479197
18-Dec-15,118.9421648
17-Dec-15,120.3128768
16-Dec-15,120.0711001
15-Dec-15,118.6832081
14-Dec-15,116.1867404
11-Dec-15,116.4011293
10-Dec-15,117.693245
9-Dec-15,117.6002488
8-Dec-15,117.1255445
7-Dec-15,118.2363801
4-Dec-15,119.0002002
3-Dec-15,119.026376
2-Dec-15,120.0333453
1-Dec-15,121.5337302
30-Nov-15,120.1794127
27-Nov-15,122.4085839
26-Nov-15,122.6218311
25-Nov-15,122.1021857
24-Nov-15,123.1664698
23-Nov-15,123.6237987
20-Nov-15,123.931444
19-Nov-15,123.1477794
18-Nov-15,122.4142463
17-Nov-15,121.5922076
13-Nov-15,120.0576541
12-Nov-15,121.2740384
11-Nov-15,121.8095388
10-Nov-15,121.8309798
9-Nov-15,122.01249
6-Nov-15,124.0211317
5-Nov-15,123.8967845
4-Nov-15,124.3396161
3-Nov-15,124.3225033
30-Oct-15,122.3256395
29-Oct-15,122.5782639
28-Oct-15,122.7446312
27-Oct-15,122.6760937
26-Oct-15,123.5267168
23-Oct-15,123.4698758
22-Oct-15,122.5671116
21-Oct-15,122.1909195
20-Oct-15,122.5657184
19-Oct-15,122.1400108
16-Oct-15,121.6822733
15-Oct-15,120.9530261
14-Oct-15,120.9049071
13-Oct-15,121.5618256
12-Oct-15,121.489592
9-Oct-15,121.7285121
8-Oct-15,120.8686745
7-Oct-15,120.2509108
6-Oct-15,119.5500142
5-Oct-15,119.4493238
2-Oct-15,117.3293855
1-Oct-15,117.2251517
30-Sep-15,117.1913886
29-Sep-15,115.8194059
28-Sep-15,115.2728783
25-Sep-15,116.6706682
24-Sep-15,117.06968
23-Sep-15,118.3681516
22-Sep-15,118.7970872
21-Sep-15,119.5367751
18-Sep-15,119.4620271
17-Sep-15,120.0192981
15-Sep-15,118.6522022
14-Sep-15,117.5902886
11-Sep-15,117.3766491
10-Sep-15,117.5215067
9-Sep-15,117.1283185
8-Sep-15,117.9071628
7-Sep-15,117.0569204
4-Sep-15,117.0088965
3-Sep-15,118.3620643
2-Sep-15,117.5257227
1-Sep-15,117.360724
31-Aug-15,119.3208485
28-Aug-15,118.2941942
27-Aug-15,118.6394711
26-Aug-15,115.7044921
25-Aug-15,114.9951351
24-Aug-15,113.5727622
21-Aug-15,115.5587948
20-Aug-15,117.8774012
19-Aug-15,118.9287324
18-Aug-15,119.9246983
17-Aug-15,120.1944133
14-Aug-15,119.7295478
13-Aug-15,119.9768207
12-Aug-15,120.3463349
11-Aug-15,121.3111685
10-Aug-15,123.6219481
7-Aug-15,122.4074141
6-Aug-15,122.5015838
5-Aug-15,122.7082341
4-Aug-15,123.3469044
3-Aug-15,122.5566286
31-Jul-15,122.1232951
30-Jul-15,121.1234477
29-Jul-15,121.3237737
28-Jul-15,120.5829514
27-Jul-15,119.3200984
24-Jul-15,120.6870295
23-Jul-15,122.1218325
22-Jul-15,121.7487001
21-Jul-15,123.5890433
20-Jul-15,123.9988433
17-Jul-15,123.37145
16-Jul-15,123.3673328
15-Jul-15,122.7164597
14-Jul-15,122.7538893
13-Jul-15,122.2074935
10-Jul-15,122.0373451
9-Jul-15,121.1473001
8-Jul-15,120.8528794
7-Jul-15,122.0999849
6-Jul-15,121.5071135
3-Jul-15,122.2269611
2-Jul-15,122.4352226
1-Jul-15,121.7079198
30-Jun-15,122.0238917
29-Jun-15,121.1781856
26-Jun-15,123.2934788
25-Jun-15,122.7510467
24-Jun-15,122.8990272
23-Jun-15,123.0232766
22-Jun-15,122.4875251
19-Jun-15,121.9589278
18-Jun-15,122.3510028
17-Jun-15,121.471278
16-Jun-15,121.2347105
15-Jun-15,120.4453865
12-Jun-15,121.187362
11-Jun-15,121.0526546
10-Jun-15,120.955706
9-Jun-15,120.828116
8-Jun-15,120.8936176
5-Jun-15,121.009046
4-Jun-15,121.0085138
3-Jun-15,121.4856023
2-Jun-15,121.9564898
1-Jun-15,121.5965152
29-May-15,121.4907684
28-May-15,121.6768742
27-May-15,121.4166021
26-May-15,120.7119274
25-May-15,121.7905007
22-May-15,121.8329319
21-May-15,122.3722161
20-May-15,122.8475309
19-May-15,122.9484577
18-May-15,123.2450652
15-May-15,123.0020354
14-May-15,122.8545547
13-May-15,122.2868163
12-May-15,122.1389281
11-May-15,122.6797492
8-May-15,122.4718335
7-May-15,121.5606505
6-May-15,121.840859
5-May-15,122.4255952
4-May-15,122.6296804
30-Apr-15,120.8764324
29-Apr-15,121.8514535
28-Apr-15,123.0005317
27-Apr-15,123.4138388
24-Apr-15,124.1122198
23-Apr-15,123.2653332
22-Apr-15,122.6159434
21-Apr-15,122.7435323
20-Apr-15,122.1126773
17-Apr-15,121.9070452
16-Apr-15,122.9757144
15-Apr-15,122.4179823
14-Apr-15,121.8715492
13-Apr-15,121.8242541
10-Apr-15,121.5659822
9-Apr-15,121.6097458
8-Apr-15,121.8109849
7-Apr-15,121.8273325
6-Apr-15,121.542468
1-Apr-15,119.8228606
31-Mar-15,118.6645057
30-Mar-15,119.0697551
27-Mar-15,118.3987318
26-Mar-15,117.3701785
25-Mar-15,118.4270918
24-Mar-15,119.5261567
23-Mar-15,119.2714941
20-Mar-15,119.2839748
19-Mar-15,119.5843696
18-Mar-15,120.1413907
17-Mar-15,118.5962254
13-Mar-15,119.1200275
12-Mar-15,119.2421891
11-Mar-15,117.1899199
10-Mar-15,116.4964984
9-Mar-15,117.2905199
6-Mar-15,117.3860635
5-Mar-15,118.0058909
4-Mar-15,117.429874
3-Mar-15,118.2931626
2-Mar-15,118.9936869
27-Feb-15,119.8273502
26-Feb-15,120.2256098
25-Feb-15,118.7225788
24-Feb-15,119.0571227
23-Feb-15,118.4700207
20-Feb-15,118.127401
19-Feb-15,117.3524244
18-Feb-15,116.8891165
17-Feb-15,117.4300026
16-Feb-15,116.7164593
13-Feb-15,116.9595627
12-Feb-15,116.8625479
11-Feb-15,114.0257859
10-Feb-15,115.7698228
9-Feb-15,116.1625214
6-Feb-15,115.9541159
5-Feb-15,115.4343028
4-Feb-15,113.6244089
3-Feb-15,113.3025841
30-Jan-15,111.7735843
29-Jan-15,113.9666653
28-Jan-15,114.6733483
27-Jan-15,115.8458938
26-Jan-15,116.093908
23-Jan-15,115.8731456
22-Jan-15,116.9978285
21-Jan-15,115.4245316
20-Jan-15,113.6048858
19-Jan-15,112.4947743
16-Jan-15,112.7614725
15-Jan-15,111.7082334
14-Jan-15,111.6463451
13-Jan-15,112.7214794
12-Jan-15,113.4742686
9-Jan-15,115.0094718
8-Jan-15,115.1714902
7-Jan-15,113.7566906
6-Jan-15,112.4626969
5-Jan-15,111.7860149
2-Jan-15,114.396096
31-Dec-14,117.139931
30-Dec-14,116.688808
29-Dec-14,117.045895
26-Dec-14,116.532221
24-Dec-14,116.5678246
23-Dec-14,116.7468393
22-Dec-14,116.1183196
19-Dec-14,115.3654815
18-Dec-14,115.2403694
17-Dec-14,111.4456411
16-Dec-14,109.3369007
15-Dec-14,109.6581257
11-Dec-14,113.265055
10-Dec-14,112.5055555
9-Dec-14,114.9452193
8-Dec-14,116.5685697
5-Dec-14,117.4181161
4-Dec-14,116.4354071
3-Dec-14,117.1791942
2-Dec-14,116.9158353
1-Dec-14,117.9137907
28-Nov-14,120.0265321
27-Nov-14,121.1319374
26-Nov-14,121.005105
25-Nov-14,120.5633459
24-Nov-14,120.9686757
21-Nov-14,121.0594302
20-Nov-14,120.0110814
19-Nov-14,119.7322209
18-Nov-14,118.1879792
14-Nov-14,117.96821
13-Nov-14,118.8759513
12-Nov-14,118.8452138
11-Nov-14,120.1943022
10-Nov-14,120.7133417
7-Nov-14,120.9120981
6-Nov-14,121.4730211
5-Nov-14,121.9880764
4-Nov-14,121.5802723
3-Nov-14,122.3070084
31-Oct-14,121.8259843
30-Oct-14,120.650658
29-Oct-14,119.7826053
28-Oct-14,119.2755792
27-Oct-14,118.5191458
24-Oct-14,118.0886898
23-Oct-14,118.2647128
22-Oct-14,117.6897883
21-Oct-14,117.9733535
20-Oct-14,116.8435069
17-Oct-14,116.9453741
16-Oct-14,116.0163625
15-Oct-14,116.2326178
14-Oct-14,116.8845528
13-Oct-14,116.7120101
10-Oct-14,117.653864
9-Oct-14,119.2744118
8-Oct-14,120.3062791
7-Oct-14,120.3414141
6-Oct-14,121.0522825
3-Oct-14,120.5432048
2-Oct-14,119.5024252
1-Oct-14,119.9377373
30-Sep-14,121.4978765
29-Sep-14,121.1994837
26-Sep-14,121.078111
25-Sep-14,120.860363
24-Sep-14,121.8473091
23-Sep-14,121.5732613
22-Sep-14,122.3125486
19-Sep-14,123.6283154
18-Sep-14,124.4051855
17-Sep-14,124.2136882
15-Sep-14,123.6787625
12-Sep-14,123.625261
11-Sep-14,123.3625863
10-Sep-14,123.8911708
9-Sep-14,123.9742003
8-Sep-14,125.1175211
5-Sep-14,124.8102792
4-Sep-14,125.014927
3-Sep-14,124.3187864
2-Sep-14,123.7607981
1-Sep-14,122.7987437
29-Aug-14,123.2064434
28-Aug-14,122.9924343
27-Aug-14,123.2462198
26-Aug-14,122.9799756
25-Aug-14,123.1001335
22-Aug-14,122.7606534
21-Aug-14,122.8551162
20-Aug-14,122.4187029
19-Aug-14,121.6789671
18-Aug-14,121.377157
15-Aug-14,120.810697
14-Aug-14,121.1457666
13-Aug-14,120.9980057
12-Aug-14,120.9993646
11-Aug-14,120.7734102
8-Aug-14,119.3991531
7-Aug-14,119.3896557
6-Aug-14,120.139039
5-Aug-14,120.2895239
4-Aug-14,120.5802014
1-Aug-14,118.9806208
31-Jul-14,118.4973579
30-Jul-14,119.8062865
29-Jul-14,120.2565029
28-Jul-14,120.3881672
25-Jul-14,119.9797256
24-Jul-14,119.9571977
23-Jul-14,119.298381
22-Jul-14,119.4234915
21-Jul-14,119.0672457
18-Jul-14,119.3721335
17-Jul-14,118.4832054
16-Jul-14,118.6766542
15-Jul-14,118.6158624
14-Jul-14,118.4829801
11-Jul-14,117.3190106
10-Jul-14,117.2972284
9-Jul-14,117.8594355
8-Jul-14,117.2093529
7-Jul-14,117.3882164
4-Jul-14,117.4838069
3-Jul-14,117.8359663
2-Jul-14,116.8856349
1-Jul-14,115.8983115
30-Jun-14,115.5429696
27-Jun-14,114.8112974
26-Jun-14,115.0860504
25-Jun-14,115.6833532
24-Jun-14,115.7546145
23-Jun-14,115.8372003
20-Jun-14,115.6950451
19-Jun-14,115.8360633
18-Jun-14,115.4585952
17-Jun-14,114.9748657
16-Jun-14,114.9100546
13-Jun-14,114.5836619
12-Jun-14,114.9552173
11-Jun-14,115.709007
10-Jun-14,115.8356915
9-Jun-14,115.7010928
6-Jun-14,115.0934127
5-Jun-14,113.4475052
4-Jun-14,112.8503613
3-Jun-14,113.2801452
2-Jun-14,112.7270541
30-May-14,111.3039316
29-May-14,112.8680647
28-May-14,112.7486544
27-May-14,112.7894658
26-May-14,112.9250027
23-May-14,112.7129353
22-May-14,112.7540801
21-May-14,112.4111815
20-May-14,112.3212261
19-May-14,112.4397251
16-May-14,112.490027
15-May-14,111.5836977
14-May-14,113.0365447
13-May-14,113.3137148
12-May-14,112.8938872
9-May-14,111.7693858
8-May-14,111.840582
7-May-14,112.1737401
6-May-14,111.2579348
5-May-14,110.1614267
2-May-14,109.94553
30-Apr-14,109.3399442
29-Apr-14,109.342433
28-Apr-14,107.8482223
25-Apr-14,107.9762452
24-Apr-14,108.5090505
23-Apr-14,108.1443225
22-Apr-14,108.6225576
21-Apr-14,109.0978608
16-Apr-14,109.6740917
15-Apr-14,108.6256369
14-Apr-14,108.7609831
11-Apr-14,108.3458455
10-Apr-14,108.4902371
9-Apr-14,109.7017185
8-Apr-14,109.6698712
7-Apr-14,108.8838624
4-Apr-14,108.8118532
3-Apr-14,108.6838047
2-Apr-14,109.6054632
1-Apr-14,108.6647725
31-Mar-14,108.6917141
28-Mar-14,107.5856776
27-Mar-14,107.1807915
26-Mar-14,106.8289955
25-Mar-14,106.9515883
24-Mar-14,106.9838738
21-Mar-14,107.5294333
20-Mar-14,106.4910628
19-Mar-14,104.4597895
18-Mar-14,104.4502491
14-Mar-14,102.2299288
13-Mar-14,102.4123446
12-Mar-14,103.9683965
11-Mar-14,104.0974734
10-Mar-14,104.0978227
7-Mar-14,104.6774723
6-Mar-14,105.3012714
5-Mar-14,104.8270525
4-Mar-14,104.9302354
3-Mar-14,103.462902
28-Feb-14,104.168728
27-Feb-14,104.4548439
26-Feb-14,103.6961718
25-Feb-14,104.7733886
24-Feb-14,106.7938429
21-Feb-14,106.5654487
20-Feb-14,106.3791642
19-Feb-14,107.2822623
18-Feb-14,108.3984385
17-Feb-14,109.1967818
14-Feb-14,109.1726116
13-Feb-14,108.075769
12-Feb-14,108.9493274
11-Feb-14,109.0715626
10-Feb-14,107.4707695
7-Feb-14,108.5276431
6-Feb-14,107.8968751
5-Feb-14,106.9064588
4-Feb-14,107.3812615
31-Jan-14,109.4440049
30-Jan-14,109.7341514
29-Jan-14,108.9029678
28-Jan-14,108.8535352
27-Jan-14,109.4472249
24-Jan-14,109.7569731
23-Jan-14,111.2009636
22-Jan-14,112.5088707
21-Jan-14,111.8850963
20-Jan-14,112.2652721
17-Jan-14,112.1097626
16-Jan-14,112.7933132
15-Jan-14,113.6482243
14-Jan-14,113.4639305
13-Jan-14,112.6997925
10-Jan-14,113.4506801
9-Jan-14,111.1610072
8-Jan-14,111.0166804
7-Jan-14,111.6186315
6-Jan-14,110.9595728
3-Jan-14,112.3033639
2-Jan-14,112.6309968
31-Dec-13,113.941627
30-Dec-13,114.5361065
27-Dec-13,113.963313
26-Dec-13,113.3384067
24-Dec-13,113.4739053
23-Dec-13,113.2438609
20-Dec-13,112.2136536
19-Dec-13,112.1851373
18-Dec-13,111.87411
17-Dec-13,111.0357907
16-Dec-13,111.7607309
13-Dec-13,111.3800766
11-Dec-13,112.335829
10-Dec-13,112.7888242
9-Dec-13,112.2530857
6-Dec-13,111.2996818
5-Dec-13,111.2448507
4-Dec-13,111.3806903
3-Dec-13,111.0249025
2-Dec-13,111.7069415
29-Nov-13,112.5361639
28-Nov-13,111.5335893
27-Nov-13,110.8027755
26-Nov-13,108.5749997
25-Nov-13,108.5094698
22-Nov-13,109.1503444
21-Nov-13,108.6956716
20-Nov-13,108.2157342
19-Nov-13,107.8856069
15-Nov-13,108.7591846
14-Nov-13,106.9229067
13-Nov-13,105.5301896
12-Nov-13,105.0512892
11-Nov-13,105.1397807
8-Nov-13,105.585293
7-Nov-13,105.9961961
6-Nov-13,106.6538684
5-Nov-13,106.7501399
4-Nov-13,108.5493614
1-Nov-13,108.662476
31-Oct-13,108.5064439
30-Oct-13,108.4764238
29-Oct-13,108.9681908
28-Oct-13,108.7278537
25-Oct-13,107.5108082
24-Oct-13,106.4285487
23-Oct-13,107.1263226
22-Oct-13,107.7777142
21-Oct-13,106.514442
18-Oct-13,106.8234118
17-Oct-13,106.1847939
16-Oct-13,106.5023464
15-Oct-13,106.2074057
14-Oct-13,107.8723346
11-Oct-13,108.1543492
10-Oct-13,106.7945916
9-Oct-13,105.1044019
8-Oct-13,105.2246405
7-Oct-13,106.494796
4-Oct-13,107.6027013
3-Oct-13,107.5382941
2-Oct-13,108.7977856
1-Oct-13,108.8495072
30-Sep-13,106.1557635
27-Sep-13,107.9384001
26-Sep-13,109.0389027
25-Sep-13,109.9779296
24-Sep-13,108.772378
23-Sep-13,109.0917523
20-Sep-13,108.8060401
19-Sep-13,110.1662966
18-Sep-13,110.5491137
17-Sep-13,108.6595032
13-Sep-13,108.6002402
12-Sep-13,107.7365209
11-Sep-13,109.8969099
10-Sep-13,110.0582377
9-Sep-13,108.1171601
6-Sep-13,105.4145108
5-Sep-13,104.7168198
4-Sep-13,104.9825408
3-Sep-13,104.459034
2-Sep-13,105.9447143
30-Aug-13,104.4187243
29-Aug-13,103.4018079
28-Aug-13,103.5481519
27-Aug-13,104.5590926
26-Aug-13,106.4793479
23-Aug-13,107.8246832
22-Aug-13,108.0199918
21-Aug-13,109.1193449
20-Aug-13,110.0072637
19-Aug-13,109.0472006
16-Aug-13,110.5161588
15-Aug-13,110.8583485
14-Aug-13,111.7278485
13-Aug-13,111.5230236
12-Aug-13,110.9197734
9-Aug-13,112.1416962
8-Aug-13,112.3597042
7-Aug-13,111.1439782
6-Aug-13,110.2989173
5-Aug-13,110.2346175
2-Aug-13,110.5510518
1-Aug-13,110.0792828
31-Jul-13,107.4821223
30-Jul-13,105.9658194
29-Jul-13,106.2243029
26-Jul-13,108.0181946
25-Jul-13,107.3243283
24-Jul-13,107.4272777
23-Jul-13,107.2913299
22-Jul-13,105.5817664
19-Jul-13,105.1238235
18-Jul-13,106.057096
17-Jul-13,105.9017866
16-Jul-13,104.5247457
15-Jul-13,106.0468132
12-Jul-13,106.0095901
11-Jul-13,106.3241258
10-Jul-13,105.0755333
9-Jul-13,105.5445091
8-Jul-13,105.2583179
5-Jul-13,106.5507632
4-Jul-13,108.0650105
3-Jul-13,107.1675398
2-Jul-13,107.19257
1-Jul-13,108.052752
28-Jun-13,106.7360294
27-Jun-13,104.234155
26-Jun-13,102.0338285
25-Jun-13,99.73484688
24-Jun-13,98.87261269
21-Jun-13,100.2609534
20-Jun-13,99.05562099
19-Jun-13,102.839272
18-Jun-13,103.8712016
17-Jun-13,104.1093518
14-Jun-13,103.4440819
13-Jun-13,104.0727224
12-Jun-13,104.0378214
11-Jun-13,105.0898557
10-Jun-13,107.2224891
7-Jun-13,106.0150927
6-Jun-13,106.8930529
5-Jun-13,106.0325633
4-Jun-13,107.4669653
3-Jun-13,108.2466256
31-May-13,109.3756815
30-May-13,107.8472431
29-May-13,107.0264808
28-May-13,107.4070958
27-May-13,105.7187168
24-May-13,106.6459225
23-May-13,106.5597483
22-May-13,105.6508588
21-May-13,106.7684614
20-May-13,108.2623013
17-May-13,110.0439667
16-May-13,109.9206498
15-May-13,110.0992889
14-May-13,110.1274909
13-May-13,109.6558428
10-May-13,109.5964167
9-May-13,109.4615359
8-May-13,110.5045478
7-May-13,111.0530302
6-May-13,110.266631
3-May-13,111.0616193
2-May-13,109.878717
30-Apr-13,110.2559769
29-Apr-13,109.2707789
26-Apr-13,109.2022317
25-Apr-13,110.9188681
24-Apr-13,110.0725805
23-Apr-13,111.952618
22-Apr-13,111.3918233
19-Apr-13,111.2043692
18-Apr-13,110.2355492
17-Apr-13,110.260415
16-Apr-13,111.8253167
15-Apr-13,111.1797334
12-Apr-13,113.747173
11-Apr-13,114.7869985
10-Apr-13,114.8031379
9-Apr-13,113.6579427
8-Apr-13,112.2147084
5-Apr-13,111.7311899
4-Apr-13,112.4882504
3-Apr-13,112.7888444
2-Apr-13,113.723673
1-Apr-13,113.1406068
27-Mar-13,113.4497052
26-Mar-13,112.4365805
25-Mar-13,110.5785926
22-Mar-13,110.0311672
21-Mar-13,109.6548186
20-Mar-13,109.4914188
19-Mar-13,108.5530118
15-Mar-13,109.9674774
14-Mar-13,111.6723907
13-Mar-13,111.4288086
12-Mar-13,113.0778328
11-Mar-13,113.1491784
8-Mar-13,113.9947477
7-Mar-13,113.1446447
6-Mar-13,113.5120376
5-Mar-13,113.1242223
4-Mar-13,112.7081316
1-Mar-13,112.8737927
28-Feb-13,113.0978098
27-Feb-13,112.2734311
26-Feb-13,111.4677589
25-Feb-13,111.498365
22-Feb-13,112.4878166
21-Feb-13,113.0454285
20-Feb-13,113.4156233
19-Feb-13,114.4575629
18-Feb-13,113.1834021
15-Feb-13,113.0991265
14-Feb-13,112.448353
13-Feb-13,112.9636991
12-Feb-13,114.817752
11-Feb-13,115.3122479
8-Feb-13,115.3933174
7-Feb-13,115.1660973
6-Feb-13,116.5378338
5-Feb-13,116.7656222
1-Feb-13,117.0280023
31-Jan-13,115.7888974
30-Jan-13,116.9009713
29-Jan-13,117.1687893
28-Jan-13,117.1570224
25-Jan-13,116.3359042
24-Jan-13,115.9592876
23-Jan-13,116.0419689
22-Jan-13,115.7049074
21-Jan-13,115.4468188
18-Jan-13,115.3851377
17-Jan-13,114.699678
16-Jan-13,114.4736318
15-Jan-13,114.1017428
14-Jan-13,114.3786598
11-Jan-13,114.4482334
10-Jan-13,114.4724199
9-Jan-13,114.3787655
8-Jan-13,113.6149982
7-Jan-13,113.717132
4-Jan-13,113.5616679
3-Jan-13,113.0393339
2-Jan-13,112.9665132
31-Dec-12,111.4621727
28-Dec-12,111.4183455
27-Dec-12,110.7479958
26-Dec-12,110.8004455
24-Dec-12,110.9054537
21-Dec-12,111.0914556
20-Dec-12,111.1168062
19-Dec-12,111.124521
18-Dec-12,111.423649
17-Dec-12,110.2102715
14-Dec-12,109.5194753
13-Dec-12,109.4293152
11-Dec-12,109.7829953
10-Dec-12,109.5873924
7-Dec-12,108.7417909
6-Dec-12,108.2492406
5-Dec-12,107.7795499
4-Dec-12,107.5633248
3-Dec-12,107.4923949
30-Nov-12,106.2686025
29-Nov-12,106.8426976
28-Nov-12,106.4038254
27-Nov-12,106.0470762
26-Nov-12,106.284867
23-Nov-12,106.3906758
22-Nov-12,106.6305597
21-Nov-12,105.7195221
20-Nov-12,104.5532644
16-Nov-12,103.588109
15-Nov-12,102.9727759
14-Nov-12,103.3825349
13-Nov-12,104.3062813
12-Nov-12,103.7038003
9-Nov-12,103.2609397
8-Nov-12,103.6126726
7-Nov-12,104.0393175
6-Nov-12,105.7549524
5-Nov-12,105.7118616
1-Nov-12,105.7887171
31-Oct-12,105.3700131
30-Oct-12,105.3153641
29-Oct-12,105.8595298
26-Oct-12,105.9499044
25-Oct-12,106.0799403
24-Oct-12,106.5415365
23-Oct-12,106.3247087
22-Oct-12,106.5154868
19-Oct-12,107.1694101
18-Oct-12,107.6796806
17-Oct-12,107.4802271
16-Oct-12,107.3301709
15-Oct-12,105.8888828
12-Oct-12,104.9426928
11-Oct-12,105.1055771
10-Oct-12,104.401829
9-Oct-12,105.0209606
8-Oct-12,105.0407499
5-Oct-12,105.4773593
4-Oct-12,104.2260237
3-Oct-12,103.2128736
2-Oct-12,103.6703037
1-Oct-12,103.4025194
28-Sep-12,102.8089903
27-Sep-12,102.5020904
26-Sep-12,101.4786994
25-Sep-12,101.2406052
24-Sep-12,102.0699402
21-Sep-12,101.5764666
20-Sep-12,101.9564803
19-Sep-12,102.9634932
18-Sep-12,102.1391269
17-Sep-12,102.220524
14-Sep-12,102.3802061
13-Sep-12,102.2842171
12-Sep-12,101.3318173
11-Sep-12,100.700215
10-Sep-12,100.6500365
7-Sep-12,100.7136359
6-Sep-12,100.5823472
5-Sep-12,99.5158585
4-Sep-12,99.45686552
3-Sep-12,100
